"","X","League","Season","Team","Player","Link","Apps"
"1",1,"Premier_League",2009,"Arsenal","Aaron Ramsey","Aaron_Ramsey",29
"2",2,"Premier_League",2009,"Arsenal","Abou Diaby","Abou_Diaby",40
"3",3,"Premier_League",2009,"Arsenal","Alex Song","Alex_Song",38
"4",4,"Premier_League",2009,"Arsenal","Andrey Arshavin","Andrey_Arshavin",39
"5",5,"Premier_League",2009,"Arsenal","Armand Traoré","Armand_Traor%C3%A9",12
"6",6,"Premier_League",2009,"Arsenal","Bacary Sagna","Bacary_Sagna",44
"7",7,"Premier_League",2009,"Arsenal","Carlos Vela","Carlos_Vela",20
"8",8,"Premier_League",2009,"Arsenal","Cesc Fàbregas","Cesc_F%C3%A0bregas",36
"9",9,"Premier_League",2009,"Arsenal","Craig Eastmond","Craig_Eastmond",7
"10",10,"Premier_League",2009,"Arsenal","Denílson","Den%C3%ADlson_Pereira_Neves",28
"11",11,"Premier_League",2009,"Arsenal","Eduardo","Eduardo_da_Silva",22
"12",12,"Premier_League",2009,"Arsenal","Emmanuel Eboué","Emmanuel_Ebou%C3%A9",36
"13",13,"Premier_League",2009,"Arsenal","Fran Mérida","Fran_M%C3%A9rida",8
"14",14,"Premier_League",2009,"Arsenal","Francis Coquelin","Francis_Coquelin",3
"15",15,"Premier_League",2009,"Arsenal","Gaël Clichy","Ga%C3%ABl_Clichy",33
"16",16,"Premier_League",2009,"Arsenal","Gilles Sunu","Gilles_Sunu",2
"17",17,"Premier_League",2009,"Arsenal","Henri Lansbury","Henri_Lansbury",1
"18",18,"Premier_League",2009,"Arsenal","Jack Wilshere","Jack_Wilshere",7
"19",19,"Premier_League",2009,"Arsenal","Jay Emmanuel-Thomas","Jay_Emmanuel-Thomas",1
"20",20,"Premier_League",2009,"Arsenal","Johan Djourou","Johan_Djourou",1
"21",21,"Premier_League",2009,"Arsenal","Kerrea Gilbert","Kerrea_Gilbert",3
"22",22,"Premier_League",2009,"Arsenal","Kieran Gibbs","Kieran_Gibbs",7
"23",23,"Premier_League",2009,"Arsenal","Kyle Bartley","Kyle_Bartley",1
"24",24,"Premier_League",2009,"Arsenal","Łukasz Fabiański","%C5%81ukasz_Fabia%C5%84ski",10
"25",25,"Premier_League",2009,"Arsenal","Manuel Almunia","Manuel_Almunia",36
"26",26,"Premier_League",2009,"Arsenal","Mark Randall","Mark_Randall_(footballer)",2
"27",27,"Premier_League",2009,"Arsenal","Mikaël Silvestre","Mika%C3%ABl_Silvestre",20
"28",28,"Premier_League",2009,"Arsenal","Nacer Barazite","Nacer_Barazite",1
"29",29,"Premier_League",2009,"Arsenal","Nicklas Bendtner","Nicklas_Bendtner",31
"30",30,"Premier_League",2009,"Arsenal","Philippe Senderos","Philippe_Senderos",2
"31",31,"Premier_League",2009,"Arsenal","Robin van Persie","Robin_van_Persie",20
"32",32,"Premier_League",2009,"Arsenal","Samir Nasri","Samir_Nasri",34
"33",33,"Premier_League",2009,"Arsenal","Sanchez Watt","Sanchez_Watt",3
"34",34,"Premier_League",2009,"Arsenal","Sol Campbell","Sol_Campbell",14
"35",35,"Premier_League",2009,"Arsenal","Theo Walcott","Theo_Walcott",30
"36",36,"Premier_League",2009,"Arsenal","Thomas Cruise","Thomas_Cruise_(footballer)",1
"37",37,"Premier_League",2009,"Arsenal","Thomas Vermaelen","Thomas_Vermaelen",45
"38",38,"Premier_League",2009,"Arsenal","Tomáš Rosický","Tom%C3%A1%C5%A1_Rosick%C3%BD",33
"39",39,"Premier_League",2009,"Arsenal","Vito Mannone","Vito_Mannone",8
"40",40,"Premier_League",2009,"Arsenal","William Gallas","William_Gallas",35
"41",41,"Premier_League",2009,"Arsenal","Wojciech Szczęsny","Wojciech_Szcz%C4%99sny",1
"42",42,"Premier_League",2009,"Aston Villa","Brad Friedel","Brad_Friedel",42
"43",43,"Premier_League",2009,"Aston Villa","Brad Guzan","Brad_Guzan",10
"44",44,"Premier_League",2009,"Aston Villa","Carlos Cuéllar","Carlos_Cu%C3%A9llar",48
"45",45,"Premier_League",2009,"Aston Villa","Ciaran Clark","Ciaran_Clark",1
"46",46,"Premier_League",2009,"Aston Villa","Craig Gardner","Craig_Gardner",3
"47",47,"Premier_League",2009,"Aston Villa","Curtis Davies","Curtis_Davies",5
"48",48,"Premier_League",2009,"Aston Villa","Emile Heskey","Emile_Heskey",42
"49",49,"Premier_League",2009,"Aston Villa","Fabian Delph","Fabian_Delph",15
"50",50,"Premier_League",2009,"Aston Villa","Gabriel Agbonlahor","Gabriel_Agbonlahor",46
"51",51,"Premier_League",2009,"Aston Villa","Habib Beye","Habib_Beye",11
"52",52,"Premier_League",2009,"Aston Villa","James Collins","James_Collins_(footballer_born_1983)",40
"53",53,"Premier_League",2009,"Aston Villa","James Milner","James_Milner",49
"54",54,"Premier_League",2009,"Aston Villa","John Carew","John_Carew",42
"55",55,"Premier_League",2009,"Aston Villa","Luke Young","Luke_Young_(footballer_born_1979)",20
"56",56,"Premier_League",2009,"Aston Villa","Marc Albrighton","Marc_Albrighton",6
"57",57,"Premier_League",2009,"Aston Villa","Nathan Delfouneso","Nathan_Delfouneso",13
"58",58,"Premier_League",2009,"Aston Villa","Nicky Shorey","Nicky_Shorey",6
"59",59,"Premier_League",2009,"Aston Villa","Nigel Reo-Coker","Nigel_Reo-Coker",13
"60",60,"Premier_League",2009,"Aston Villa","Richard Dunne","Richard_Dunne",44
"61",61,"Premier_League",2009,"Aston Villa","Shane Lowry","Shane_Lowry_(footballer)",3
"62",62,"Premier_League",2009,"Aston Villa","Stephen Warnock","Stephen_Warnock",42
"63",63,"Premier_League",2009,"Aston Villa","Steve Sidwell","Steve_Sidwell",33
"64",64,"Premier_League",2009,"Aston Villa","Stewart Downing","Stewart_Downing",35
"65",65,"Premier_League",2009,"Aston Villa","Stilyan Petrov","Stilyan_Petrov",48
"66",66,"Premier_League",2009,"Birmingham City","Ashley Sammons","Ashley_Sammons",1
"67",67,"Premier_League",2009,"Birmingham City","Barry Ferguson","Barry_Ferguson",43
"68",68,"Premier_League",2009,"Birmingham City","Cameron Jerome","Cameron_Jerome",36
"69",69,"Premier_League",2009,"Birmingham City","Christian Benítez","Christian_Ben%C3%ADtez",36
"70",70,"Premier_League",2009,"Birmingham City","Colin Doyle","Colin_Doyle_(footballer)",0
"71",71,"Premier_League",2009,"Birmingham City","Craig Gardner","Craig_Gardner",15
"72",72,"Premier_League",2009,"Birmingham City","Damien Johnson","Damien_Johnson",3
"73",73,"Premier_League",2009,"Birmingham City","Dan Preston","Dan_Preston",1
"74",74,"Premier_League",2009,"Birmingham City","David Murphy","David_Murphy_(footballer,_born_1984)",0
"75",75,"Premier_League",2009,"Birmingham City","Franck Queudrue","Franck_Queudrue",7
"76",76,"Premier_League",2009,"Birmingham City","Garry O'Connor","Garry_O%27Connor",12
"77",77,"Premier_League",2009,"Birmingham City","Gary McSheffrey","Gary_McSheffrey",9
"78",78,"Premier_League",2009,"Birmingham City","Giovanny Espinoza","Giovanny_Espinoza",2
"79",79,"Premier_League",2009,"Birmingham City","Grégory Vignal","Gr%C3%A9gory_Vignal",9
"80",80,"Premier_League",2009,"Birmingham City","Jake Jervis","Jake_Jervis",1
"81",81,"Premier_League",2009,"Birmingham City","James McFadden","James_McFadden",41
"82",82,"Premier_League",2009,"Birmingham City","Jay O'Shea","Jay_O%27Shea",3
"83",83,"Premier_League",2009,"Birmingham City","Jordon Mutch","Jordon_Mutch",0
"84",84,"Premier_League",2009,"Birmingham City","Keith Fahey","Keith_Fahey",40
"85",85,"Premier_League",2009,"Birmingham City","Kevin Phillips","Kevin_Phillips_(footballer)",24
"86",86,"Premier_League",2009,"Birmingham City","Lee Bowyer","Lee_Bowyer",42
"87",87,"Premier_League",2009,"Birmingham City","Lee Carsley","Lee_Carsley",9
"88",88,"Premier_League",2009,"Birmingham City","Liam Ridgewell","Liam_Ridgewell",37
"89",89,"Premier_League",2009,"Birmingham City","Maik Taylor","Maik_Taylor",4
"90",90,"Premier_League",2009,"Birmingham City","Marcus Bent","Marcus_Bent",0
"91",91,"Premier_League",2009,"Birmingham City","Martin Taylor","Martin_Taylor_(footballer_born_1979)",0
"92",92,"Premier_League",2009,"Birmingham City","Míchel","Miguel_Marcos_Madera",9
"93",93,"Premier_League",2009,"Birmingham City","Nathan Redmond","Nathan_Redmond",0
"94",94,"Premier_League",2009,"Birmingham City","Roger Johnson","Roger_Johnson_(footballer)",43
"95",95,"Premier_League",2009,"Birmingham City","Scott Dann","Scott_Dann",35
"96",96,"Premier_League",2009,"Birmingham City","Sebastian Larsson","Sebastian_Larsson",39
"97",97,"Premier_League",2009,"Birmingham City","Stephen Carr","Stephen_Carr",39
"98",98,"Premier_League",2009,"Birmingham City","Stuart Parnaby","Stuart_Parnaby",11
"99",99,"Premier_League",2009,"Blackburn Rovers","Aaron Doran","Aaron_Doran",0
"100",100,"Premier_League",2009,"Blackburn Rovers","Alan Judge","Alan_Judge_(Irish_footballer)",0
"101",101,"Premier_League",2009,"Blackburn Rovers","Brett Emerton","Brett_Emerton",29
"102",102,"Premier_League",2009,"Blackburn Rovers","Christopher Samba","Christopher_Samba",33
"103",103,"Premier_League",2009,"Blackburn Rovers","David Dunn","David_Dunn",28
"104",104,"Premier_League",2009,"Blackburn Rovers","David Hoilett","David_Hoilett",27
"105",105,"Premier_League",2009,"Blackburn Rovers","El Hadji Diouf","El_Hadji_Diouf",27
"106",106,"Premier_League",2009,"Blackburn Rovers","Franco Di Santo","Franco_Di_Santo",24
"107",107,"Premier_League",2009,"Blackburn Rovers","Frank Fielding","Frank_Fielding",0
"108",108,"Premier_League",2009,"Blackburn Rovers","Gaël Givet","Ga%C3%ABl_Givet",38
"109",109,"Premier_League",2009,"Blackburn Rovers","Gavin Gunning","Gavin_Gunning",0
"110",110,"Premier_League",2009,"Blackburn Rovers","Jason Brown","Jason_Brown_(footballer)",8
"111",111,"Premier_League",2009,"Blackburn Rovers","Jason Roberts","Jason_Roberts_(footballer)",31
"112",112,"Premier_League",2009,"Blackburn Rovers","Keith Andrews","Keith_Andrews_(footballer)",35
"113",113,"Premier_League",2009,"Blackburn Rovers","Lars Jacobsen","Lars_Jacobsen",15
"114",114,"Premier_League",2009,"Blackburn Rovers","Mark Bunn","Mark_Bunn_(English_footballer)",0
"115",115,"Premier_League",2009,"Blackburn Rovers","Martin Olsson","Martin_Olsson",27
"116",116,"Premier_League",2009,"Blackburn Rovers","Míchel Salgado","M%C3%ADchel_Salgado",26
"117",117,"Premier_League",2009,"Blackburn Rovers","Morten Gamst Pedersen","Morten_Gamst_Pedersen",39
"118",118,"Premier_League",2009,"Blackburn Rovers","Nikola Kalinić","Nikola_Kalini%C4%87",33
"119",119,"Premier_League",2009,"Blackburn Rovers","Pascal Chimbonda","Pascal_Chimbonda",29
"120",120,"Premier_League",2009,"Blackburn Rovers","Paul Robinson","Paul_Robinson_(footballer,_born_1979)",38
"121",121,"Premier_League",2009,"Blackburn Rovers","Phil Jones","Phil_Jones_(footballer,_born_1992)",12
"122",122,"Premier_League",2009,"Blackburn Rovers","Ryan Nelsen","Ryan_Nelsen",33
"123",123,"Premier_League",2009,"Blackburn Rovers","Steven Nzonzi","Steven_Nzonzi",38
"124",124,"Premier_League",2009,"Blackburn Rovers","Steven Reid","Steven_Reid",10
"125",125,"Premier_League",2009,"Blackburn Rovers","Vince Grella","Vince_Grella",17
"126",126,"Premier_League",2009,"Blackburn Rovers","Yıldıray Baştürk","Y%C4%B1ld%C4%B1ray_Ba%C5%9Ft%C3%BCrk",1
"127",127,"Premier_League",2009,"Blackburn Rovers","Zurab Khizanishvili","Zurab_Khizanishvili",2
"128",128,"Premier_League",2009,"Bolton Wanderers","Ádám Bogdán","%C3%81d%C3%A1m_Bogd%C3%A1n",0
"129",129,"Premier_League",2009,"Bolton Wanderers","Ali Al-Habsi","Ali_Al-Habsi",2
"130",130,"Premier_League",2009,"Bolton Wanderers","Andy O'Brien","Andy_O%27Brien_(footballer)",9
"131",131,"Premier_League",2009,"Bolton Wanderers","Chris Basham","Chris_Basham",10
"132",132,"Premier_League",2009,"Bolton Wanderers","Danny Shittu","Danny_Shittu",0
"133",133,"Premier_League",2009,"Bolton Wanderers","Danny Ward","Danny_Ward_(footballer,_born_1990)",2
"134",134,"Premier_League",2009,"Bolton Wanderers","Fabrice Muamba","Fabrice_Muamba",43
"135",135,"Premier_League",2009,"Bolton Wanderers","Gary Cahill","Gary_Cahill",34
"136",136,"Premier_League",2009,"Bolton Wanderers","Gavin McCann","Gavin_McCann",13
"137",137,"Premier_League",2009,"Bolton Wanderers","Grétar Steinsson","Gr%C3%A9tar_Steinsson",31
"138",138,"Premier_League",2009,"Bolton Wanderers","Ivan Klasnić","Ivan_Klasni%C4%87",32
"139",139,"Premier_League",2009,"Bolton Wanderers","Jack Wilshere","Jack_Wilshere",14
"140",140,"Premier_League",2009,"Bolton Wanderers","Jlloyd Samuel","Jlloyd_Samuel",13
"141",141,"Premier_League",2009,"Bolton Wanderers","Joey O'Brien","Joey_O%27Brien",0
"142",142,"Premier_League",2009,"Bolton Wanderers","Johan Elmander","Johan_Elmander",32
"143",143,"Premier_League",2009,"Bolton Wanderers","Jussi Jääskeläinen","Jussi_J%C3%A4%C3%A4skel%C3%A4inen",43
"144",144,"Premier_League",2009,"Bolton Wanderers","Kevin Davies","Kevin_Davies",42
"145",145,"Premier_League",2009,"Bolton Wanderers","Lee Chung-yong","Lee_Chung-yong",40
"146",146,"Premier_League",2009,"Bolton Wanderers","Mark Davies","Mark_Davies_(footballer)",21
"147",147,"Premier_League",2009,"Bolton Wanderers","Matt Taylor","Matthew_Taylor_(footballer)",43
"148",148,"Premier_League",2009,"Bolton Wanderers","Nicky Hunt","Nicky_Hunt",0
"149",149,"Premier_League",2009,"Bolton Wanderers","Paul Robinson","Paul_Robinson_(footballer,_born_December_1978)",27
"150",150,"Premier_League",2009,"Bolton Wanderers","Ricardo Gardner","Ricardo_Gardner",24
"151",151,"Premier_League",2009,"Bolton Wanderers","Ricardo Vaz Tê","Ricardo_Vaz_T%C3%AA",0
"152",152,"Premier_League",2009,"Bolton Wanderers","Riga Mustapha","Riga_Mustapha",3
"153",153,"Premier_League",2009,"Bolton Wanderers","Sam Ricketts","Sam_Ricketts",33
"154",154,"Premier_League",2009,"Bolton Wanderers","Sean Davis","Sean_Davis_(footballer)",4
"155",155,"Premier_League",2009,"Bolton Wanderers","Stuart Holden","Stuart_Holden",3
"156",156,"Premier_League",2009,"Bolton Wanderers","Tamir Cohen","Tamir_Cohen",32
"157",157,"Premier_League",2009,"Bolton Wanderers","Tope Obadeyi","Tope_Obadeyi",0
"158",158,"Premier_League",2009,"Bolton Wanderers","Vladimír Weiss","Vladim%C3%ADr_Weiss_(footballer,_born_1989)",13
"159",159,"Premier_League",2009,"Bolton Wanderers","Zat Knight","Zat_Knight",41
"160",160,"Premier_League",2009,"Bolton Wanderers","Zoltán Harsányi","Zolt%C3%A1n_Hars%C3%A1nyi",0
"161",161,"Premier_League",2009,"Burnley","Adam Kay","Adam_Kay_(footballer)",0
"162",162,"Premier_League",2009,"Burnley","Alex MacDonald","Alex_MacDonald_(footballer_born_1990)",0
"163",163,"Premier_League",2009,"Burnley","André Bikey","Andr%C3%A9_Bikey",31
"164",164,"Premier_League",2009,"Burnley","Brian Easton","Brian_Easton_(footballer)",1
"165",165,"Premier_League",2009,"Burnley","Brian Jensen","Brian_Jensen_(goalkeeper)",41
"166",166,"Premier_League",2009,"Burnley","Chris Anderson","Chris_Anderson_(footballer,_born_1990)",0
"167",167,"Premier_League",2009,"Burnley","Chris Eagles","Chris_Eagles",38
"168",168,"Premier_League",2009,"Burnley","Chris McCann","Chris_McCann_(footballer)",8
"169",169,"Premier_League",2009,"Burnley","Christian Kalvenes","Christian_Kalvenes",8
"170",170,"Premier_League",2009,"Burnley","Clarke Carlisle","Clarke_Carlisle",28
"171",171,"Premier_League",2009,"Burnley","Danny Fox","Danny_Fox",14
"172",172,"Premier_League",2009,"Burnley","David Edgar","David_Edgar_(footballer)",6
"173",173,"Premier_League",2009,"Burnley","Diego Penny","Diego_Penny",3
"174",174,"Premier_League",2009,"Burnley","Graham Alexander","Graham_Alexander",35
"175",175,"Premier_League",2009,"Burnley","Jay Rodriguez","Jay_Rodriguez",2
"176",176,"Premier_League",2009,"Burnley","Joey Guðjónsson","Joey_Gu%C3%B0j%C3%B3nsson",14
"177",177,"Premier_League",2009,"Burnley","Kevin Long","Kevin_Long_(footballer)",0
"178",178,"Premier_League",2009,"Burnley","Kevin McDonald","Kevin_McDonald_(footballer,_born_1988)",30
"179",179,"Premier_League",2009,"Burnley","Leon Cort","Leon_Cort",15
"180",180,"Premier_League",2009,"Burnley","Martin Paterson","Martin_Paterson",26
"181",181,"Premier_League",2009,"Burnley","Michael Duff","Michael_Duff_(footballer)",14
"182",182,"Premier_League",2009,"Burnley","Nicky Weaver","Nicky_Weaver",0
"183",183,"Premier_League",2009,"Burnley","Remco van der Schaaf","Remco_van_der_Schaaf",0
"184",184,"Premier_League",2009,"Burnley","Richard Eckersley","Richard_Eckersley_(footballer)",3
"185",185,"Premier_League",2009,"Burnley","Robbie Blake","Robbie_Blake",34
"186",186,"Premier_League",2009,"Burnley","Stephen Jordan","Stephen_Jordan_(footballer)",25
"187",187,"Premier_League",2009,"Burnley","Steven Caldwell","Steven_Caldwell",13
"188",188,"Premier_League",2009,"Burnley","Steven Fletcher","Steven_Fletcher_(footballer)",38
"189",189,"Premier_League",2009,"Burnley","Steven Thompson","Steven_Thompson_(Scottish_footballer)",23
"190",190,"Premier_League",2009,"Burnley","Tyrone Mears","Tyrone_Mears",39
"191",191,"Premier_League",2009,"Burnley","Wade Elliott","Wade_Elliott",40
"192",192,"Premier_League",2009,"Burnley","Wes Fletcher","Wes_Fletcher",0
"193",193,"Premier_League",2009,"Chelsea","Alex","Alex_(footballer,_born_1982)",25
"194",194,"Premier_League",2009,"Chelsea","Ashley Cole","Ashley_Cole",34
"195",195,"Premier_League",2009,"Chelsea","Branislav Ivanović","Branislav_Ivanovi%C4%87",40
"196",196,"Premier_League",2009,"Chelsea","Daniel Sturridge","Daniel_Sturridge",20
"197",197,"Premier_League",2009,"Chelsea","Deco","Deco",28
"198",198,"Premier_League",2009,"Chelsea","Didier Drogba","Didier_Drogba",43
"199",199,"Premier_League",2009,"Chelsea","Fabio Borini","Fabio_Borini",8
"200",200,"Premier_League",2009,"Chelsea","Florent Malouda","Florent_Malouda",50
"201",201,"Premier_League",2009,"Chelsea","Frank Lampard","Frank_Lampard",50
"202",202,"Premier_League",2009,"Chelsea","Gaël Kakuta","Ga%C3%ABl_Kakuta",4
"203",203,"Premier_League",2009,"Chelsea","Henrique Hilário","Henrique_Hil%C3%A1rio",11
"204",204,"Premier_League",2009,"Chelsea","Jeffrey Bruma","Jeffrey_Bruma",3
"205",205,"Premier_League",2009,"Chelsea","Joe Cole","Joe_Cole",39
"206",206,"Premier_League",2009,"Chelsea","John Obi Mikel","John_Obi_Mikel",34
"207",207,"Premier_League",2009,"Chelsea","John Terry","John_Terry",51
"208",208,"Premier_League",2009,"Chelsea","José Bosingwa","Jos%C3%A9_Bosingwa",8
"209",209,"Premier_League",2009,"Chelsea","Juliano Belletti","Juliano_Belletti",22
"210",210,"Premier_League",2009,"Chelsea","Michael Ballack","Michael_Ballack",44
"211",211,"Premier_League",2009,"Chelsea","Michael Essien","Michael_Essien",21
"212",212,"Premier_League",2009,"Chelsea","Nemanja Matić","Nemanja_Mati%C4%87",3
"213",213,"Premier_League",2009,"Chelsea","Nicolas Anelka","Nicolas_Anelka",44
"214",214,"Premier_League",2009,"Chelsea","Patrick van Aanholt","Patrick_van_Aanholt",2
"215",215,"Premier_League",2009,"Chelsea","Paulo Ferreira","Paulo_Ferreira",20
"216",216,"Premier_League",2009,"Chelsea","Petr Čech","Petr_%C4%8Cech",42
"217",217,"Premier_League",2009,"Chelsea","Ricardo Carvalho","Ricardo_Carvalho",28
"218",218,"Premier_League",2009,"Chelsea","Ross Turnbull","Ross_Turnbull",5
"219",219,"Premier_League",2009,"Chelsea","Salomon Kalou","Salomon_Kalou",36
"220",220,"Premier_League",2009,"Chelsea","Sam Hutchinson","Sam_Hutchinson",3
"221",221,"Premier_League",2009,"Chelsea","Yuri Zhirkov","Yuri_Zhirkov",27
"222",222,"Premier_League",2009,"Everton","Adam Forshaw","Adam_Forshaw",1
"223",223,"Premier_League",2009,"Everton","Carlo Nash","Carlo_Nash",1
"224",224,"Premier_League",2009,"Everton","Dan Gosling","Dan_Gosling",20
"225",225,"Premier_League",2009,"Everton","Diniyar Bilyaletdinov","Diniyar_Bilyaletdinov",33
"226",226,"Premier_League",2009,"Everton","Hope Akpan","Hope_Akpan",1
"227",227,"Premier_League",2009,"Everton","Iain Turner","Iain_Turner",0
"228",228,"Premier_League",2009,"Everton","Jack Rodwell","Jack_Rodwell",36
"229",229,"Premier_League",2009,"Everton","Jake Bidwell","Jake_Bidwell",1
"230",230,"Premier_League",2009,"Everton","James Vaughan","James_Vaughan_(footballer,_born_1988)",11
"231",231,"Premier_League",2009,"Everton","James Wallace","James_Wallace_(footballer,_born_1991)",1
"232",232,"Premier_League",2009,"Everton","Jô","J%C3%B4",24
"233",233,"Premier_League",2009,"Everton","John Heitinga","John_Heitinga",35
"234",234,"Premier_League",2009,"Everton","John Ruddy","John_Ruddy",0
"235",235,"Premier_League",2009,"Everton","Joleon Lescott","Joleon_Lescott",1
"236",236,"Premier_League",2009,"Everton","Jose Baxter","Jose_Baxter",7
"237",237,"Premier_League",2009,"Everton","Joseph Yobo","Joseph_Yobo",23
"238",238,"Premier_League",2009,"Everton","Kieran Agard","Kieran_Agard",6
"239",239,"Premier_League",2009,"Everton","Landon Donovan","Landon_Donovan",13
"240",240,"Premier_League",2009,"Everton","Leighton Baines","Leighton_Baines",48
"241",241,"Premier_League",2009,"Everton","Leon Osman","Leon_Osman",35
"242",242,"Premier_League",2009,"Everton","Louis Saha","Louis_Saha",40
"243",243,"Premier_League",2009,"Everton","Lucas Neill","Lucas_Neill",15
"244",244,"Premier_League",2009,"Everton","Lukas Jutkiewicz","Lukas_Jutkiewicz",0
"245",245,"Premier_League",2009,"Everton","Marouane Fellaini","Marouane_Fellaini",34
"246",246,"Premier_League",2009,"Everton","Mikel Arteta","Mikel_Arteta",16
"247",247,"Premier_League",2009,"Everton","Nathan Craig","Nathan_Craig",1
"248",248,"Premier_League",2009,"Everton","Phil Jagielka","Phil_Jagielka",13
"249",249,"Premier_League",2009,"Everton","Phil Neville","Phil_Neville",29
"250",250,"Premier_League",2009,"Everton","Philippe Senderos","Philippe_Senderos",3
"251",251,"Premier_League",2009,"Everton","Séamus Coleman","S%C3%A9amus_Coleman",7
"252",252,"Premier_League",2009,"Everton","Shane Duffy","Shane_Duffy_(soccer_player)",2
"253",253,"Premier_League",2009,"Everton","Shkodran Mustafi","Shkodran_Mustafi",1
"254",254,"Premier_League",2009,"Everton","Steven Pienaar","Steven_Pienaar",38
"255",255,"Premier_League",2009,"Everton","Sylvain Distin","Sylvain_Distin",38
"256",256,"Premier_League",2009,"Everton","Tim Cahill","Tim_Cahill",43
"257",257,"Premier_League",2009,"Everton","Tim Howard","Tim_Howard",51
"258",258,"Premier_League",2009,"Everton","Tony Hibbert","Tony_Hibbert",30
"259",259,"Premier_League",2009,"Everton","Victor Anichebe","Victor_Anichebe",11
"260",260,"Premier_League",2009,"Everton","Yakubu","Yakubu_(footballer)",36
"261",261,"Premier_League",2009,"Fulham","Aaron Hughes","Aaron_Hughes",56
"262",262,"Premier_League",2009,"Fulham","Andranik Teymourian","Andranik_Teymourian",0
"263",263,"Premier_League",2009,"Fulham","Andrew Johnson","Andrew_Johnson_(English_footballer)",13
"264",264,"Premier_League",2009,"Fulham","Bjørn Helge Riise","Bj%C3%B8rn_Helge_Riise",28
"265",265,"Premier_League",2009,"Fulham","Bobby Zamora","Bobby_Zamora",48
"266",266,"Premier_League",2009,"Fulham","Brede Hangeland","Brede_Hangeland",52
"267",267,"Premier_League",2009,"Fulham","Chris Baird","Chris_Baird",52
"268",268,"Premier_League",2009,"Fulham","Chris Smalling","Chris_Smalling",18
"269",269,"Premier_League",2009,"Fulham","Clint Dempsey","Clint_Dempsey",44
"270",270,"Premier_League",2009,"Fulham","Damien Duff","Damien_Duff",50
"271",271,"Premier_League",2009,"Fulham","Danny Murphy","Danny_Murphy_(footballer,_born_1977)",41
"272",272,"Premier_League",2009,"Fulham","David Elm","David_Elm_(footballer)",16
"273",273,"Premier_League",2009,"Fulham","David Stockdale","David_Stockdale",3
"274",274,"Premier_League",2009,"Fulham","Dickson Etuhu","Dickson_Etuhu",37
"275",275,"Premier_League",2009,"Fulham","Diomansy Kamara","Diomansy_Kamara",13
"276",276,"Premier_League",2009,"Fulham","Eddie Johnson","Eddie_Johnson_(American_soccer)",4
"277",277,"Premier_League",2009,"Fulham","Erik Nevland","Erik_Nevland",33
"278",278,"Premier_League",2009,"Fulham","Fredrik Stoor","Fredrik_Stoor",3
"279",279,"Premier_League",2009,"Fulham","Joe Anderson","Joe_Anderson_(English_footballer)",1
"280",280,"Premier_League",2009,"Fulham","John Paintsil","John_Paintsil",37
"281",281,"Premier_League",2009,"Fulham","Jonathan Greening","Jonathan_Greening",38
"282",282,"Premier_League",2009,"Fulham","Kagisho Dikgacoi","Kagisho_Dikgacoi",15
"283",283,"Premier_League",2009,"Fulham","Mark Schwarzer","Mark_Schwarzer",60
"284",284,"Premier_League",2009,"Fulham","Nicky Shorey","Nicky_Shorey",11
"285",285,"Premier_League",2009,"Fulham","Pascal Zuberbühler","Pascal_Zuberb%C3%BChler",0
"286",286,"Premier_League",2009,"Fulham","Paul Konchesky","Paul_Konchesky",42
"287",287,"Premier_League",2009,"Fulham","Seol Ki-hyeon","Seol_Ki-hyeon",5
"288",288,"Premier_League",2009,"Fulham","Simon Davies","Simon_Davies_(footballer,_born_1979)",33
"289",289,"Premier_League",2009,"Fulham","Stefano Okaka","Stefano_Okaka",13
"290",290,"Premier_League",2009,"Fulham","Stephen Kelly","Stephen_Kelly_(Irish_footballer)",22
"291",291,"Premier_League",2009,"Fulham","Toni Kallio","Toni_Kallio",2
"292",292,"Premier_League",2009,"Fulham","Zoltán Gera","Zolt%C3%A1n_Gera",50
"293",293,"Premier_League",2009,"Hull City","Amr Zaki","Amr_Zaki",6
"294",294,"Premier_League",2009,"Hull City","Andy Dawson","Andy_Dawson",35
"295",295,"Premier_League",2009,"Hull City","Anthony Gardner","Anthony_Gardner",24
"296",296,"Premier_League",2009,"Hull City","Bernard Mendy","Bernard_Mendy",23
"297",297,"Premier_League",2009,"Hull City","Boaz Myhill","Boaz_Myhill",28
"298",298,"Premier_League",2009,"Hull City","Bryan Hughes","Bryan_Hughes",0
"299",299,"Premier_League",2009,"Hull City","Caleb Folan","Caleb_Folan",8
"300",300,"Premier_League",2009,"Hull City","Craig Fagan","Craig_Fagan",26
"301",301,"Premier_League",2009,"Hull City","Daniel Cousin","Daniel_Cousin",3
"302",302,"Premier_League",2009,"Hull City","Dean Marney","Dean_Marney_(footballer)",17
"303",303,"Premier_League",2009,"Hull City","George Boateng","George_Boateng",31
"304",304,"Premier_League",2009,"Hull City","Geovanni","Geovanni_Deiberson_Maur%C3%ADcio",28
"305",305,"Premier_League",2009,"Hull City","Ian Ashbee","Ian_Ashbee",0
"306",306,"Premier_League",2009,"Hull City","Ibrahima Sonko","Ibrahima_Sonko",9
"307",307,"Premier_League",2009,"Hull City","Jamie Devitt","Jamie_Devitt",0
"308",308,"Premier_League",2009,"Hull City","Jan Vennegoor of Hesselink","Jan_Vennegoor_of_Hesselink",33
"309",309,"Premier_League",2009,"Hull City","Jimmy Bullard","Jimmy_Bullard",14
"310",310,"Premier_League",2009,"Hull City","Jozy Altidore","Jozy_Altidore",30
"311",311,"Premier_League",2009,"Hull City","Kamel Ghilas","Kamel_Ghilas",16
"312",312,"Premier_League",2009,"Hull City","Kamil Zayatte","Kamil_Zayatte",25
"313",313,"Premier_League",2009,"Hull City","Kevin Kilbane","Kevin_Kilbane",24
"314",314,"Premier_League",2009,"Hull City","Liam Cooper","Liam_Cooper",4
"315",315,"Premier_League",2009,"Hull City","Mark Cullen","Mark_Cullen_(English_footballer)",4
"316",316,"Premier_League",2009,"Hull City","Mark Oxley","Mark_Oxley",0
"317",317,"Premier_League",2009,"Hull City","Matt Duke","Matt_Duke",12
"318",318,"Premier_League",2009,"Hull City","Michael Turner","Michael_Turner_(footballer,_born_1983)",4
"319",319,"Premier_League",2009,"Hull City","Nathan Doyle","Nathan_Doyle",1
"320",320,"Premier_League",2009,"Hull City","Nick Barmby","Nick_Barmby",22
"321",321,"Premier_League",2009,"Hull City","Nicky Featherstone","Nicky_Featherstone",2
"322",322,"Premier_League",2009,"Hull City","Paul McShane","Paul_McShane_(Irish_footballer)",28
"323",323,"Premier_League",2009,"Hull City","Péter Halmosi","P%C3%A9ter_Halmosi",3
"324",324,"Premier_League",2009,"Hull City","Richard Garcia","Richard_Garcia",19
"325",325,"Premier_League",2009,"Hull City","Ryan Kendall","Ryan_Kendall_(footballer)",0
"326",326,"Premier_League",2009,"Hull City","Seyi Olofinjana","Seyi_Olofinjana",19
"327",327,"Premier_League",2009,"Hull City","Stephen Hunt","Stephen_Hunt_(footballer_born_1981)",27
"328",328,"Premier_League",2009,"Hull City","Steven Mouyokolo","Steven_Mouyokolo",23
"329",329,"Premier_League",2009,"Hull City","Tom Cairney","Tom_Cairney",14
"330",330,"Premier_League",2009,"Hull City","Tony Warner","Tony_Warner",1
"331",331,"Premier_League",2009,"Hull City","Will Atkinson","Will_Atkinson",3
"332",332,"Premier_League",2009,"Hull City","Yann Ekra","Yann_Ekra",0
"333",333,"Premier_League",2009,"Liverpool","Agger","Daniel_Agger",36
"334",334,"Premier_League",2009,"Liverpool","Aquilani","Alberto_Aquilani",13
"335",335,"Premier_League",2009,"Liverpool","Aurélio","F%C3%A1bio_Aur%C3%A9lio",13
"336",336,"Premier_League",2009,"Liverpool","Ayala","Daniel_S%C3%A1nchez_Ayala",2
"337",337,"Premier_League",2009,"Liverpool","Babel","Ryan_Babel",16
"338",338,"Premier_League",2009,"Liverpool","Benayoun","Yossi_Benayoun",29
"339",339,"Premier_League",2009,"Liverpool","Carragher","Jamie_Carragher",53
"340",340,"Premier_League",2009,"Liverpool","Cavalieri","Diego_Cavalieri",4
"341",341,"Premier_League",2009,"Liverpool","Darby","Stephen_Darby",4
"342",342,"Premier_League",2009,"Liverpool","Degen","Philipp_Degen",6
"343",343,"Premier_League",2009,"Liverpool","El Zhar","Nabil_El_Zhar",1
"344",344,"Premier_League",2009,"Liverpool","Fernando Torres","Fernando_Torres",29
"345",345,"Premier_League",2009,"Liverpool","Gerrard","Steven_Gerrard",47
"346",346,"Premier_League",2009,"Liverpool","Insúa","Emiliano_Ins%C3%BAa",43
"347",347,"Premier_League",2009,"Liverpool","Johnson","Glen_Johnson_(English_footballer)",33
"348",348,"Premier_League",2009,"Liverpool","Kelly","Martin_Kelly_(footballer)",1
"349",349,"Premier_League",2009,"Liverpool","Kuyt","Dirk_Kuyt",51
"350",350,"Premier_League",2009,"Liverpool","Kyrgiakos","Sotirios_Kyrgiakos",18
"351",351,"Premier_League",2009,"Liverpool","Lucas","Lucas_Leiva",46
"352",352,"Premier_League",2009,"Liverpool","Mascherano","Javier_Mascherano",44
"353",353,"Premier_League",2009,"Liverpool","N'Gog","David_N%27Gog",18
"354",354,"Premier_League",2009,"Liverpool","Pacheco","Daniel_Pacheco",NA
"355",355,"Premier_League",2009,"Liverpool","Plessis","Damien_Plessis",1
"356",356,"Premier_League",2009,"Liverpool","Reina","Pepe_Reina",52
"357",357,"Premier_League",2009,"Liverpool","Riera","Albert_Riera",12
"358",358,"Premier_League",2009,"Liverpool","Škrtel","Martin_%C5%A0krtel",23
"359",359,"Premier_League",2009,"Liverpool","Spearing","Jay_Spearing",3
"360",360,"Premier_League",2009,"Manchester United","Anderson","Anderson_(footballer,_born_1988)",23
"361",361,"Premier_League",2009,"Manchester United","Antonio Valencia","Antonio_Valencia",49
"362",362,"Premier_League",2009,"Manchester United","Ben Amos","Ben_Amos",0
"363",363,"Premier_League",2009,"Manchester United","Ben Foster","Ben_Foster_(footballer)",13
"364",364,"Premier_League",2009,"Manchester United","Cameron Stewart","Cameron_Stewart_(footballer)",0
"365",365,"Premier_League",2009,"Manchester United","Corry Evans","Corry_Evans",0
"366",366,"Premier_League",2009,"Manchester United","Craig Cathcart","Craig_Cathcart",0
"367",367,"Premier_League",2009,"Manchester United","Danny Welbeck","Danny_Welbeck",11
"368",368,"Premier_League",2009,"Manchester United","Darren Fletcher","Darren_Fletcher",41
"369",369,"Premier_League",2009,"Manchester United","Darron Gibson","Darron_Gibson",23
"370",370,"Premier_League",2009,"Manchester United","David Gray","David_Gray_(footballer_born_1988)",0
"371",371,"Premier_League",2009,"Manchester United","Dimitar Berbatov","Dimitar_Berbatov",43
"372",372,"Premier_League",2009,"Manchester United","Edwin van der Sar","Edwin_van_der_Sar",29
"373",373,"Premier_League",2009,"Manchester United","Fábio","F%C3%A1bio_Pereira_da_Silva",11
"374",374,"Premier_League",2009,"Manchester United","Federico Macheda","Federico_Macheda",10
"375",375,"Premier_League",2009,"Manchester United","Gabriel Obertan","Gabriel_Obertan",13
"376",376,"Premier_League",2009,"Manchester United","James Chester","James_Chester",0
"377",377,"Premier_League",2009,"Manchester United","Joe Dudgeon","Joe_Dudgeon",0
"378",378,"Premier_League",2009,"Manchester United","John O'Shea","John_O%27Shea",19
"379",379,"Premier_League",2009,"Manchester United","Jonny Evans","Jonny_Evans",28
"380",380,"Premier_League",2009,"Manchester United","Joshua King","Joshua_King_(footballer)",1
"381",381,"Premier_League",2009,"Manchester United","Magnus Eikrem","Magnus_Wolff_Eikrem",0
"382",382,"Premier_League",2009,"Manchester United","Mame Biram Diouf","Mame_Biram_Diouf",6
"383",383,"Premier_League",2009,"Manchester United","Matty James","Matty_James",0
"384",384,"Premier_League",2009,"Manchester United","Michael Carrick","Michael_Carrick",44
"385",385,"Premier_League",2009,"Manchester United","Michael Owen","Michael_Owen",31
"386",386,"Premier_League",2009,"Manchester United","Nani","Nani",34
"387",387,"Premier_League",2009,"Manchester United","Nemanja Vidić","Nemanja_Vidi%C4%87",33
"388",388,"Premier_League",2009,"Manchester United","Oliver Gill","Oliver_Gill",0
"389",389,"Premier_League",2009,"Manchester United","Oliver Norwood","Oliver_Norwood",0
"390",390,"Premier_League",2009,"Manchester United","Owen Hargreaves","Owen_Hargreaves",1
"391",391,"Premier_League",2009,"Manchester United","Park Ji-sung","Park_Ji-sung",26
"392",392,"Premier_League",2009,"Manchester United","Patrice Evra","Patrice_Evra",51
"393",393,"Premier_League",2009,"Manchester United","Paul Scholes","Paul_Scholes",38
"394",394,"Premier_League",2009,"Manchester United","Rafael","Rafael_(footballer,_born_1990)",16
"395",395,"Premier_League",2009,"Manchester United","Rio Ferdinand","Rio_Ferdinand",21
"396",396,"Premier_League",2009,"Manchester United","Ritchie De Laet","Ritchie_De_Laet",5
"397",397,"Premier_League",2009,"Manchester United","Ron-Robert Zieler","Ron-Robert_Zieler",0
"398",398,"Premier_League",2009,"Manchester United","Ryan Giggs","Ryan_Giggs",32
"399",399,"Premier_League",2009,"Manchester United","Sam Hewson","Sam_Hewson",0
"400",400,"Premier_League",2009,"Manchester United","Tom Cleverley","Tom_Cleverley",0
"401",401,"Premier_League",2009,"Manchester United","Tomasz Kuszczak","Tomasz_Kuszczak",14
"402",402,"Premier_League",2009,"Manchester United","Wayne Rooney","Wayne_Rooney",44
"403",403,"Premier_League",2009,"Manchester United","Wes Brown","Wes_Brown",29
"404",404,"Premier_League",2009,"Manchester United","Zoran Tošić","Zoran_To%C5%A1i%C4%87",2
"405",405,"Premier_League",2009,"Portsmouth","Aaron Mokoena","Aaron_Mokoena",30
"406",406,"Premier_League",2009,"Portsmouth","Angelos Basinas","Angelos_Basinas",17
"407",407,"Premier_League",2009,"Portsmouth","Anthony Vanden Borre","Anthony_Vanden_Borre",25
"408",408,"Premier_League",2009,"Portsmouth","Aruna Dindane","Aruna_Dindane",24
"409",409,"Premier_League",2009,"Portsmouth","Asmir Begović","Asmir_Begovi%C4%87",15
"410",410,"Premier_League",2009,"Portsmouth","Danny Webber","Danny_Webber",24
"411",411,"Premier_League",2009,"Portsmouth","David James","David_James_(footballer)",29
"412",412,"Premier_League",2009,"Portsmouth","David Nugent","David_Nugent",4
"413",413,"Premier_League",2009,"Portsmouth","Frédéric Piquionne","Fr%C3%A9d%C3%A9ric_Piquionne",45
"414",414,"Premier_League",2009,"Portsmouth","Hassan Yebda","Hassan_Yebda",23
"415",415,"Premier_League",2009,"Portsmouth","Hayden Mullins","Hayden_Mullins",26
"416",416,"Premier_League",2009,"Portsmouth","Hermann Hreiðarsson","Hermann_Hrei%C3%B0arsson",23
"417",417,"Premier_League",2009,"Portsmouth","Jamie Ashdown","Jamie_Ashdown",18
"418",418,"Premier_League",2009,"Portsmouth","Jamie O'Hara","Jamie_O%27Hara_(footballer)",29
"419",419,"Premier_League",2009,"Portsmouth","Joel Ward","Joel_Ward_(footballer)",4
"420",420,"Premier_League",2009,"Portsmouth","John Utaka","John_Utaka",28
"421",421,"Premier_League",2009,"Portsmouth","Kevin-Prince Boateng","Kevin-Prince_Boateng",27
"422",422,"Premier_League",2009,"Portsmouth","Lennard Sowah","Lennard_Sowah",5
"423",423,"Premier_League",2009,"Portsmouth","Marc Wilson","Marc_Wilson_(Irish_footballer)",36
"424",424,"Premier_League",2009,"Portsmouth","Matt Ritchie","Matt_Ritchie",2
"425",425,"Premier_League",2009,"Portsmouth","Michael Brown","Michael_Brown_(footballer,_born_1977)",33
"426",426,"Premier_League",2009,"Portsmouth","Nadir Belhadj","Nadir_Belhadj",26
"427",427,"Premier_League",2009,"Portsmouth","Niko Kranjčar","Niko_Kranj%C4%8Dar",5
"428",428,"Premier_League",2009,"Portsmouth","Nwankwo Kanu","Nwankwo_Kanu",28
"429",429,"Premier_League",2009,"Portsmouth","Papa Bouba Diop","Papa_Bouba_Diop",19
"430",430,"Premier_League",2009,"Portsmouth","Quincy Owusu-Abeyie","Quincy_Owusu-Abeyie",11
"431",431,"Premier_League",2009,"Portsmouth","Ricardo Rocha","Ricardo_Rocha_(Portuguese_footballer)",12
"432",432,"Premier_League",2009,"Portsmouth","Richard Hughes","Richard_Hughes_(footballer)",16
"433",433,"Premier_League",2009,"Portsmouth","Steve Finnan","Steve_Finnan",25
"434",434,"Premier_League",2009,"Portsmouth","Sylvain Distin","Sylvain_Distin",3
"435",435,"Premier_League",2009,"Portsmouth","Tal Ben Haim","Tal_Ben_Haim",24
"436",436,"Premier_League",2009,"Portsmouth","Tommy Smith","Tommy_Smith_(footballer,_born_1980)",0
"437",437,"Premier_League",2009,"Portsmouth","Younès Kaboul","Youn%C3%A8s_Kaboul",25
"438",438,"Premier_League",2009,"Stoke City","Amdy Faye","Amdy_Faye",1
"439",439,"Premier_League",2009,"Stoke City","Andrew Davies","Andrew_Davies_(footballer)",1
"440",440,"Premier_League",2009,"Stoke City","Andy Griffin","Andy_Griffin",3
"441",441,"Premier_League",2009,"Stoke City","Andy Wilkinson","Andy_Wilkinson",28
"442",442,"Premier_League",2009,"Stoke City","Asmir Begović","Asmir_Begovi%C4%87",4
"443",443,"Premier_League",2009,"Stoke City","Ben Marshall","Ben_Marshall",0
"444",444,"Premier_League",2009,"Stoke City","Carl Dickinson","Carl_Dickinson",1
"445",445,"Premier_League",2009,"Stoke City","Danny Collins","Danny_Collins_(footballer)",30
"446",446,"Premier_League",2009,"Stoke City","Danny Higginbotham","Danny_Higginbotham",29
"447",447,"Premier_League",2009,"Stoke City","Danny Pugh","Danny_Pugh",13
"448",448,"Premier_League",2009,"Stoke City","Dave Kitson","Dave_Kitson",22
"449",449,"Premier_League",2009,"Stoke City","Dean Whitehead","Dean_Whitehead",40
"450",450,"Premier_League",2009,"Stoke City","Diego Arismendi","Diego_Arismendi",2
"451",451,"Premier_League",2009,"Stoke City","Glenn Whelan","Glenn_Whelan",38
"452",452,"Premier_League",2009,"Stoke City","Ibrahima Sonko","Ibrahima_Sonko",1
"453",453,"Premier_League",2009,"Stoke City","James Beattie","James_Beattie_(footballer)",24
"454",454,"Premier_League",2009,"Stoke City","Leon Cort","Leon_Cort",4
"455",455,"Premier_League",2009,"Stoke City","Liam Lawrence","Liam_Lawrence",31
"456",456,"Premier_League",2009,"Stoke City","Louis Moult","Louis_Moult",3
"457",457,"Premier_League",2009,"Stoke City","Mamady Sidibé","Mamady_Sidib%C3%A9",30
"458",458,"Premier_League",2009,"Stoke City","Matthew Etherington","Matthew_Etherington",38
"459",459,"Premier_League",2009,"Stoke City","Matthew Lund","Matthew_Lund",0
"460",460,"Premier_League",2009,"Stoke City","Michael Tonge","Michael_Tonge",3
"461",461,"Premier_League",2009,"Stoke City","Nathaniel Wedderburn","Nathaniel_Wedderburn",0
"462",462,"Premier_League",2009,"Stoke City","Ricardo Fuller","Ricardo_Fuller",41
"463",463,"Premier_League",2009,"Stoke City","Richard Cresswell","Richard_Cresswell",3
"464",464,"Premier_League",2009,"Stoke City","Robert Huth","Robert_Huth",37
"465",465,"Premier_League",2009,"Stoke City","Rory Delap","Rory_Delap",41
"466",466,"Premier_League",2009,"Stoke City","Ryan Shawcross","Ryan_Shawcross",31
"467",467,"Premier_League",2009,"Stoke City","Ryan Shotton","Ryan_Shotton",1
"468",468,"Premier_League",2009,"Stoke City","Salif Diao","Salif_Diao",19
"469",469,"Premier_League",2009,"Stoke City","Steve Simonsen","Steve_Simonsen",7
"470",470,"Premier_League",2009,"Stoke City","Thomas Sørensen","Thomas_S%C3%B8rensen",38
"471",471,"Premier_League",2009,"Stoke City","Tom Soares","Tom_Soares",3
"472",472,"Premier_League",2009,"Stoke City","Tuncay","Tuncay_(footballer)",37
"473",473,"Premier_League",2009,"Sunderland","Alan Hutton","Alan_Hutton",11
"474",474,"Premier_League",2009,"Sunderland","Andy Reid","Andy_Reid_(Irish_footballer)",25
"475",475,"Premier_League",2009,"Sunderland","Anton Ferdinand","Anton_Ferdinand",25
"476",476,"Premier_League",2009,"Sunderland","Benjani Mwaruwari","Benjani_Mwaruwari",8
"477",477,"Premier_League",2009,"Sunderland","Boudewijn Zenden","Boudewijn_Zenden",21
"478",478,"Premier_League",2009,"Sunderland","Carlos Edwards","Carlos_Edwards",1
"479",479,"Premier_League",2009,"Sunderland","Craig Gordon","Craig_Gordon",30
"480",480,"Premier_League",2009,"Sunderland","Danny Collins","Danny_Collins_(footballer)",3
"481",481,"Premier_League",2009,"Sunderland","Darren Bent","Darren_Bent",40
"482",482,"Premier_League",2009,"Sunderland","Daryl Murphy","Daryl_Murphy",7
"483",483,"Premier_League",2009,"Sunderland","David Healy","David_Healy_(footballer)",7
"484",484,"Premier_League",2009,"Sunderland","David Meyler","David_Meyler",12
"485",485,"Premier_League",2009,"Sunderland","Fraizer Campbell","Fraizer_Campbell",36
"486",486,"Premier_League",2009,"Sunderland","George McCartney","George_McCartney",28
"487",487,"Premier_League",2009,"Sunderland","Grant Leadbitter","Grant_Leadbitter",1
"488",488,"Premier_League",2009,"Sunderland","Jack Colback","Jack_Colback",1
"489",489,"Premier_League",2009,"Sunderland","John Mensah","John_Mensah",17
"490",490,"Premier_League",2009,"Sunderland","Jordan Henderson","Jordan_Henderson",38
"491",491,"Premier_League",2009,"Sunderland","Kenwyne Jones","Kenwyne_Jones",36
"492",492,"Premier_League",2009,"Sunderland","Kieran Richardson","Kieran_Richardson",32
"493",493,"Premier_League",2009,"Sunderland","Lee Cattermole","Lee_Cattermole",22
"494",494,"Premier_League",2009,"Sunderland","Lorik Cana","Lorik_Cana",35
"495",495,"Premier_League",2009,"Sunderland","Márton Fülöp","M%C3%A1rton_F%C3%BCl%C3%B6p",14
"496",496,"Premier_League",2009,"Sunderland","Matt Kilgallon","Matt_Kilgallon",7
"497",497,"Premier_League",2009,"Sunderland","Michael Liddle","Michael_Liddle",1
"498",498,"Premier_League",2009,"Sunderland","Michael Turner","Michael_Turner_(footballer,_born_1983)",32
"499",499,"Premier_League",2009,"Sunderland","Nyron Nosworthy","Nyron_Nosworthy",10
"500",500,"Premier_League",2009,"Sunderland","Paulo da Silva","Paulo_da_Silva",21
"501",501,"Premier_League",2009,"Sunderland","Phil Bardsley","Phil_Bardsley",28
"502",502,"Premier_League",2009,"Sunderland","Ryan Noble","Ryan_Noble",1
"503",503,"Premier_League",2009,"Sunderland","Steed Malbranque","Steed_Malbranque",35
"504",504,"Premier_League",2009,"Sunderland","Teemu Tainio","Teemu_Tainio",1
"505",505,"Premier_League",2009,"Tottenham Hotspur","Aaron Lennon","Aaron_Lennon",24
"506",506,"Premier_League",2009,"Tottenham Hotspur","Alan Hutton","Alan_Hutton",14
"507",507,"Premier_League",2009,"Tottenham Hotspur","Benoît Assou-Ekotto","Beno%C3%AEt_Assou-Ekotto",34
"508",508,"Premier_League",2009,"Tottenham Hotspur","Carlo Cudicini","Carlo_Cudicini",8
"509",509,"Premier_League",2009,"Tottenham Hotspur","Danny Rose","Danny_Rose_(footballer,_born_1990)",5
"510",510,"Premier_League",2009,"Tottenham Hotspur","David Bentley","David_Bentley",24
"511",511,"Premier_League",2009,"Tottenham Hotspur","David Button","David_Button",1
"512",512,"Premier_League",2009,"Tottenham Hotspur","Eiður Guðjohnsen","Ei%C3%B0ur_Gu%C3%B0johnsen",14
"513",513,"Premier_League",2009,"Tottenham Hotspur","Gareth Bale","Gareth_Bale",34
"514",514,"Premier_League",2009,"Tottenham Hotspur","Giovani dos Santos","Giovani_dos_Santos",3
"515",515,"Premier_League",2009,"Tottenham Hotspur","Jake Livermore","Jake_Livermore",1
"516",516,"Premier_League",2009,"Tottenham Hotspur","Jamie O'Hara","Jamie_O%27Hara_(footballer)",3
"517",517,"Premier_League",2009,"Tottenham Hotspur","Jermain Defoe","Jermain_Defoe",43
"518",518,"Premier_League",2009,"Tottenham Hotspur","Jermaine Jenas","Jermaine_Jenas",23
"519",519,"Premier_League",2009,"Tottenham Hotspur","Jimmy Walker","Jimmy_Walker_(footballer,_born_1973)",0
"520",520,"Premier_League",2009,"Tottenham Hotspur","John Bostock","John_Bostock",0
"521",521,"Premier_League",2009,"Tottenham Hotspur","Jonathan Woodgate","Jonathan_Woodgate",3
"522",522,"Premier_League",2009,"Tottenham Hotspur","Kevin-Prince Boateng","Kevin-Prince_Boateng",1
"523",523,"Premier_League",2009,"Tottenham Hotspur","Kyle Naughton","Kyle_Naughton",3
"524",524,"Premier_League",2009,"Tottenham Hotspur","Kyle Walker","Kyle_Walker",2
"525",525,"Premier_League",2009,"Tottenham Hotspur","Ledley King","Ledley_King",21
"526",526,"Premier_League",2009,"Tottenham Hotspur","Luka Modrić","Luka_Modri%C4%87",32
"527",527,"Premier_League",2009,"Tottenham Hotspur","Michael Dawson","Michael_Dawson_(footballer)",40
"528",528,"Premier_League",2009,"Tottenham Hotspur","Niko Kranjčar","Niko_Kranj%C4%8Dar",32
"529",529,"Premier_League",2009,"Tottenham Hotspur","Peter Crouch","Peter_Crouch",48
"530",530,"Premier_League",2009,"Tottenham Hotspur","Robbie Keane","Robbie_Keane",25
"531",531,"Premier_League",2009,"Tottenham Hotspur","Roman Pavlyuchenko","Roman_Pavlyuchenko",24
"532",532,"Premier_League",2009,"Tottenham Hotspur","Sébastien Bassong","S%C3%A9bastien_Bassong",38
"533",533,"Premier_League",2009,"Tottenham Hotspur","Tom Huddlestone","Tom_Huddlestone",43
"534",534,"Premier_League",2009,"Tottenham Hotspur","Vedran Ćorluka","Vedran_%C4%86orluka",36
"535",535,"Premier_League",2009,"Tottenham Hotspur","Wilson Palacios","Wilson_Palacios",43
"536",536,"Premier_League",2009,"Tottenham Hotspur","Younès Kaboul","Youn%C3%A8s_Kaboul",10
"537",537,"Premier_League",2009,"West Ham United","Alessandro Diamanti","Alessandro_Diamanti",29
"538",538,"Premier_League",2009,"West Ham United","Anthony Edgar","Anthony_Edgar",1
"539",539,"Premier_League",2009,"West Ham United","Benni McCarthy","Benni_McCarthy",5
"540",540,"Premier_League",2009,"West Ham United","Bondz N'Gala","Bondz_N%27Gala",1
"541",541,"Premier_League",2009,"West Ham United","Carlton Cole","Carlton_Cole",32
"542",542,"Premier_League",2009,"West Ham United","Daniel Gabbidon","Daniel_Gabbidon",11
"543",543,"Premier_League",2009,"West Ham United","Fabio Daprela","Fabio_Daprela",8
"544",544,"Premier_League",2009,"West Ham United","Frank Nouble","Frank_Nouble",10
"545",545,"Premier_League",2009,"West Ham United","Freddie Sears","Freddie_Sears",2
"546",546,"Premier_League",2009,"West Ham United","Guillermo Franco","Guillermo_Franco",23
"547",547,"Premier_League",2009,"West Ham United","Herita Ilunga","Herita_Ilunga",17
"548",548,"Premier_League",2009,"West Ham United","Ilan","Ilan_Araujo_Dall%27Igna",11
"549",549,"Premier_League",2009,"West Ham United","Jack Collison","Jack_Collison",23
"550",550,"Premier_League",2009,"West Ham United","James Collins","James_Collins_(footballer)",3
"551",551,"Premier_League",2009,"West Ham United","James Tomkins","James_Tomkins_(footballer)",26
"552",552,"Premier_League",2009,"West Ham United","Jonathan Spector","Jonathan_Spector",29
"553",553,"Premier_League",2009,"West Ham United","Jordan Spence","Jordan_Spence",1
"554",554,"Premier_League",2009,"West Ham United","Josh Payne","Josh_Payne",1
"555",555,"Premier_League",2009,"West Ham United","Julien Faubert","Julien_Faubert",36
"556",556,"Premier_League",2009,"West Ham United","Junior Stanislas","Junior_Stanislas",28
"557",557,"Premier_League",2009,"West Ham United","Kieron Dyer","Kieron_Dyer",11
"558",558,"Premier_League",2009,"West Ham United","Kyel Reid","Kyel_Reid",2
"559",559,"Premier_League",2009,"West Ham United","Luis Boa Morte","Luis_Boa_Morte",1
"560",560,"Premier_League",2009,"West Ham United","Luis Jimenez","Luis_Antonio_Jim%C3%A9nez",12
"561",561,"Premier_League",2009,"West Ham United","Manuel da Costa","Manuel_da_Costa_(footballer)",16
"562",562,"Premier_League",2009,"West Ham United","Mark Noble","Mark_Noble",28
"563",563,"Premier_League",2009,"West Ham United","Matthew Upson","Matthew_Upson",35
"564",564,"Premier_League",2009,"West Ham United","Mido","Mido_(footballer)",9
"565",565,"Premier_League",2009,"West Ham United","Péter Kurucz","P%C3%A9ter_Kurucz",1
"566",566,"Premier_League",2009,"West Ham United","Radoslav Kovac","Radoslav_Kovac",34
"567",567,"Premier_League",2009,"West Ham United","Robert Green","Robert_Green",41
"568",568,"Premier_League",2009,"West Ham United","Scott Parker","Scott_Parker_(footballer)",33
"569",569,"Premier_League",2009,"West Ham United","Valon Behrami","Valon_Behrami",28
"570",570,"Premier_League",2009,"West Ham United","Zavon Hines","Zavon_Hines",15
"571",571,"Premier_League",2009,"Wigan Athletic","Ben Watson","Ben_Watson_(footballer,_born_July_1985)",5
"572",572,"Premier_League",2009,"Wigan Athletic","Charles N'Zogbia","Charles_N%27Zogbia",36
"573",573,"Premier_League",2009,"Wigan Athletic","Cho Won-hee","Cho_Won-hee",4
"574",574,"Premier_League",2009,"Wigan Athletic","Emmerson Boyce","Emmerson_Boyce",24
"575",575,"Premier_League",2009,"Wigan Athletic","Erik Edman","Erik_Edman",3
"576",576,"Premier_League",2009,"Wigan Athletic","Gary Caldwell","Gary_Caldwell",16
"577",577,"Premier_League",2009,"Wigan Athletic","Hendry Thomas","Hendry_Thomas",31
"578",578,"Premier_League",2009,"Wigan Athletic","Hugo Rodallega","Hugo_Rodallega",38
"579",579,"Premier_League",2009,"Wigan Athletic","James McCarthy","James_McCarthy_(footballer)",20
"580",580,"Premier_League",2009,"Wigan Athletic","Jason Koumas","Jason_Koumas",8
"581",581,"Premier_League",2009,"Wigan Athletic","Jason Scotland","Jason_Scotland",32
"582",582,"Premier_League",2009,"Wigan Athletic","Jordi Gómez","Jordi_G%C3%B3mez",23
"583",583,"Premier_League",2009,"Wigan Athletic","Marcelo Moreno","Marcelo_Moreno_Martins",12
"584",584,"Premier_League",2009,"Wigan Athletic","Mario Melchiot","Mario_Melchiot",32
"585",585,"Premier_League",2009,"Wigan Athletic","Marlon King","Marlon_King",3
"586",586,"Premier_League",2009,"Wigan Athletic","Maynor Figueroa","Maynor_Figueroa",35
"587",587,"Premier_League",2009,"Wigan Athletic","Michael Brown","Michael_Brown_(footballer,_born_1977)",2
"588",588,"Premier_League",2009,"Wigan Athletic","Mike Pollitt","Mike_Pollitt",4
"589",589,"Premier_League",2009,"Wigan Athletic","Mohamed Diamé","Mohamed_Diam%C3%A9",34
"590",590,"Premier_League",2009,"Wigan Athletic","Olivier Kapo","Olivier_Kapo",1
"591",591,"Premier_League",2009,"Wigan Athletic","Paul Scharner","Paul_Scharner",38
"592",592,"Premier_League",2009,"Wigan Athletic","Scott Sinclair","Scott_Sinclair",18
"593",593,"Premier_League",2009,"Wigan Athletic","Steve Gohouri","Steve_Gohouri",5
"594",594,"Premier_League",2009,"Wigan Athletic","Titus Bramble","Titus_Bramble",35
"595",595,"Premier_League",2009,"Wigan Athletic","Victor Moses","Victor_Moses",14
"596",596,"Premier_League",2009,"Wigan Athletic","Vladimir Stojković","Vladimir_Stojkovi%C4%87",4
"597",597,"Premier_League",2009,"Wolverhampton Wanderers","Andrew Surman","Andrew_Surman",7
"598",598,"Premier_League",2009,"Wolverhampton Wanderers","Andy Keogh","Andy_Keogh",13
"599",599,"Premier_League",2009,"Wolverhampton Wanderers","Ashley Hemmings","Ashley_Hemmings",0
"600",600,"Premier_League",2009,"Wolverhampton Wanderers","Christophe Berra","Christophe_Berra",32
"601",601,"Premier_League",2009,"Wolverhampton Wanderers","David Edwards","David_Edwards_(footballer)",20
"602",602,"Premier_League",2009,"Wolverhampton Wanderers","David Jones","David_Jones_(footballer_born_1984)",20
"603",603,"Premier_League",2009,"Wolverhampton Wanderers","George Elokobi","George_Elokobi",22
"604",604,"Premier_League",2009,"Wolverhampton Wanderers","Greg Halford","Greg_Halford",15
"605",605,"Premier_League",2009,"Wolverhampton Wanderers","James Spray","James_Spray",0
"606",606,"Premier_League",2009,"Wolverhampton Wanderers","Jody Craddock","Jody_Craddock",33
"607",607,"Premier_League",2009,"Wolverhampton Wanderers","John Dunleavy","John_Dunleavy",0
"608",608,"Premier_League",2009,"Wolverhampton Wanderers","Kevin Doyle","Kevin_Doyle",34
"609",609,"Premier_League",2009,"Wolverhampton Wanderers","Kevin Foley","Kevin_Foley_(footballer)",25
"610",610,"Premier_League",2009,"Wolverhampton Wanderers","Kyle Bennett","Kyle_Bennett_(footballer)",0
"611",611,"Premier_League",2009,"Wolverhampton Wanderers","Marcus Hahnemann","Marcus_Hahnemann",25
"612",612,"Premier_League",2009,"Wolverhampton Wanderers","Matt Jarvis","Matt_Jarvis",34
"613",613,"Premier_League",2009,"Wolverhampton Wanderers","Matt Murray","Matt_Murray_(English_footballer)",0
"614",614,"Premier_League",2009,"Wolverhampton Wanderers","Michael Kightly","Michael_Kightly",9
"615",615,"Premier_League",2009,"Wolverhampton Wanderers","Nathaniel Mendez-Laing","Nathaniel_Mendez-Laing",0
"616",616,"Premier_League",2009,"Wolverhampton Wanderers","Nenad Milijaš","Nenad_Milija%C5%A1",19
"617",617,"Premier_League",2009,"Wolverhampton Wanderers","Richard Stearman","Richard_Stearman",16
"618",618,"Premier_League",2009,"Wolverhampton Wanderers","Ronald Zubar","Ronald_Zubar",23
"619",619,"Premier_League",2009,"Wolverhampton Wanderers","Sam Winnall","Sam_Winnall",0
"620",620,"Premier_League",2009,"Wolverhampton Wanderers","Stephen Ward","Stephen_Ward_(footballer)",22
"621",621,"Premier_League",2009,"Wolverhampton Wanderers","Sylvan Ebanks-Blake","Sylvan_Ebanks-Blake",23
"622",622,"Premier_League",2009,"Wolverhampton Wanderers","Wayne Hennessey","Wayne_Hennessey",13
